{
  "timestamp": "20260516_235159",
  "scene": "Goal1 - 中等难度：增加紫色危险区和少量蓝色障碍物",
  "env_id": "SafetyCarGoal1-v0",
  "config": {
    "hidden_dim": 512,
    "lr_actor": 3e-05,
    "lr_critic": 0.0001,
    "lr_cost_critic": 0.0001,
    "lr_lambda": 2e-05,
    "lambda_init": 0.01,
    "lambda_max": 3.0,
    "entropy_coef": 0.04,
    "gamma": 0.995,
    "lam": 0.95,
    "clip_eps": 0.2,
    "target_kl": 0.02,
    "cost_limit": 0.0
  },
  "segment_analysis": {
    "initial_20%": {
      "reward": 8.250605331013864,
      "cost": 94.842
    },
    "early_20-40%": {
      "reward": 21.233364361617156,
      "cost": 72.002
    },
    "mid_40-60%": {
      "reward": 24.659048295824824,
      "cost": 71.936
    },
    "late_60-80%": {
      "reward": 26.621753469974546,
      "cost": 68.758
    },
    "final_20%": {
      "reward": 28.302460330301823,
      "cost": 61.538
    }
  },
  "final_statistics": {
    "total_episodes": 2500,
    "total_steps": 2500000,
    "total_time_seconds": 18747.6,
    "total_time_minutes": 312.5,
    "ppo_updates": 12200,
    "final_avg_reward_last50": 29.61257742930868,
    "final_avg_cost_last50": 71.0,
    "best_episode_reward": 39.48539808264087,
    "best_episode_cost": 0.0,
    "final_lambda": 0.027992498129606247,
    "lambda_trajectory": [
      0.027871521189808846,
      0.02787313051521778,
      0.02787472866475582,
      0.027876315638422966,
      0.027877893298864365,
      0.027879461646080017,
      0.027881022542715073,
      0.02788257785141468,
      0.02788412570953369,
      0.027885667979717255,
      0.027887217700481415,
      0.027888774871826172,
      0.027890339493751526,
      0.027891909703612328,
      0.027893483638763428,
      0.027895063161849976,
      0.027896646410226822,
      0.027898233383893967,
      0.02789982408285141,
      0.027901416644454002,
      0.027902964502573013,
      0.027904469519853592,
      0.027905937284231186,
      0.027907371520996094,
      0.027908775955438614,
      0.027910152450203896,
      0.027911504730582237,
      0.027912834659218788,
      0.027914145961403847,
      0.027915438637137413,
      0.027916669845581055,
      0.02791784703731537,
      0.027918973937630653,
      0.027920056134462357,
      0.027921099215745926,
      0.02792210504412651,
      0.02792307920753956,
      0.02792402356863022,
      0.02792494185268879,
      0.02792583778500557,
      0.027926737442612648,
      0.027927642688155174,
      0.027928551658988,
      0.027929464355111122,
      0.027930380776524544,
      0.027931299060583115,
      0.027932221069931984,
      0.027933144941926003,
      0.02793407067656517,
      0.027934998273849487,
      0.027935918420553207,
      0.02793683111667633,
      0.027937738224864006,
      0.027938639745116234,
      0.027939535677433014,
      0.027940426021814346,
      0.02794131264090538,
      0.027942195534706116,
      0.027943074703216553,
      0.02794395014643669,
      0.027944879606366158,
      0.027945855632424355,
      0.027946874499320984,
      0.027947932481765747,
      0.027949025854468346,
      0.02795015089213848,
      0.027951303869485855,
      0.02795248106122017,
      0.027953680604696274,
      0.02795490063726902,
      0.027956178411841393,
      0.027957506477832794,
      0.027958881109952927,
      0.027960296720266342,
      0.027961749583482742,
      0.02796323597431183,
      0.027964752167463303,
      0.027966294437646866,
      0.02796786092221737,
      0.027969449758529663,
      0.02797095850110054,
      0.027972394600510597,
      0.027973763644695282,
      0.02797507494688034,
      0.02797633223235607,
      0.02797754295170307,
      0.02797871083021164,
      0.027979839593172073,
      0.027980932965874672,
      0.027981994673609734,
      0.027983054518699646,
      0.02798411063849926,
      0.027985164895653725,
      0.02798621729016304,
      0.027987267822027206,
      0.027988316491246223,
      0.02798936329782009,
      0.02799041010439396,
      0.027991455048322678,
      0.027992498129606247
    ]
  },
  "evaluation": "中：智能体在学习但尚未稳定，需要更多训练或参数调优",
  "model_path": "D:\\AAACourse\\Assignment\\3\\RL\\safe\\design\\models\\ppo_lag_goal1_final.pth"
}