{
  "timestamp": "20260517_115422",
  "scene": "Goal1 - 中等难度：增加紫色危险区和少量蓝色障碍物",
  "env_id": "SafetyCarGoal1-v0",
  "config": {
    "hidden_dim": 512,
    "lr_actor": 5e-06,
    "lr_critic": 5e-05,
    "lr_cost_critic": 5e-05,
    "lr_lambda": 0.0002,
    "lambda_init": 0.05,
    "lambda_max": 2.0,
    "entropy_coef": 0.02,
    "gamma": 0.995,
    "lam": 0.95,
    "clip_eps": 0.2,
    "target_kl": 0.02,
    "cost_limit": 0.0
  },
  "segment_analysis": {
    "initial_20%": {
      "reward": 29.7742469549333,
      "cost": 59.11
    },
    "early_20-40%": {
      "reward": 30.401154031071417,
      "cost": 53.515
    },
    "mid_40-60%": {
      "reward": 30.032144832509164,
      "cost": 62.465
    },
    "late_60-80%": {
      "reward": 30.03784776202705,
      "cost": 67.555
    },
    "final_20%": {
      "reward": 30.42172269745231,
      "cost": 65.375
    }
  },
  "final_statistics": {
    "total_episodes": 1000,
    "total_steps": 1000000,
    "total_time_seconds": 7445.4,
    "total_time_minutes": 124.1,
    "ppo_updates": 4880,
    "final_avg_reward_last50": 30.328576295989148,
    "final_avg_cost_last50": 66.86,
    "best_episode_reward": 37.637738931303,
    "best_episode_cost": 0.0,
    "final_lambda": 0.10995215177536011,
    "lambda_trajectory": [
      0.10860920697450638,
      0.10862583667039871,
      0.10864122211933136,
      0.10865548998117447,
      0.1086687445640564,
      0.1086810901761055,
      0.10869262367486954,
      0.10870341956615448,
      0.1087135523557663,
      0.10872308909893036,
      0.10873321443796158,
      0.10874386876821518,
      0.10875499993562698,
      0.10876655578613281,
      0.10877849906682968,
      0.10879078507423401,
      0.10880338400602341,
      0.10881626605987549,
      0.10882940143346786,
      0.10884276032447815,
      0.10885607451200485,
      0.10886934399604797,
      0.10888256877660751,
      0.10889576375484467,
      0.10890892148017883,
      0.10892204940319061,
      0.1089351549744606,
      0.1089482381939888,
      0.10896129906177521,
      0.10897433757781982,
      0.10898697376251221,
      0.10899923741817474,
      0.10901117324829102,
      0.10902281105518341,
      0.10903418064117432,
      0.10904531180858612,
      0.10905622690916061,
      0.10906694829463959,
      0.10907749086618423,
      0.10908787697553635,
      0.10909871757030487,
      0.10910996049642563,
      0.10912157595157623,
      0.1091335192322731,
      0.10914576053619385,
      0.10915827006101608,
      0.10917101800441742,
      0.10918398201465607,
      0.10919714719057083,
      0.10921048372983932,
      0.10922383517026901,
      0.1092371940612793,
      0.10925056040287018,
      0.10926394164562225,
      0.10927733033895493,
      0.1092907264828682,
      0.10930412262678146,
      0.10931752622127533,
      0.10933093726634979,
      0.10934434831142426,
      0.10935752093791962,
      0.10937047749757767,
      0.1093832403421402,
      0.109395831823349,
      0.10940825939178467,
      0.109420545399189,
      0.10943270474672318,
      0.1094447523355484,
      0.10945669561624527,
      0.10946854948997498,
      0.10948041081428528,
      0.10949228703975677,
      0.10950417816638947,
      0.10951607674360275,
      0.10952798277139664,
      0.10953989624977112,
      0.1095518171787262,
      0.10956374555826187,
      0.10957568138837814,
      0.10958762466907501,
      0.1096005067229271,
      0.10961423814296722,
      0.10962872952222824,
      0.10964391380548477,
      0.10965971648693085,
      0.1096760705113411,
      0.10969293117523193,
      0.10971023887395859,
      0.10972795635461807,
      0.1097460389137268,
      0.10976473242044449,
      0.10978397727012634,
      0.1098037138581276,
      0.10982389748096466,
      0.10984448343515396,
      0.10986542701721191,
      0.10988669842481613,
      0.10990826040506363,
      0.10993009060621262,
      0.10995215177536011
    ]
  },
  "evaluation": "中：智能体在学习但尚未稳定，需要更多训练或参数调优",
  "model_path": "D:\\AAACourse\\Assignment\\3\\RL\\safe\\design\\models\\ppo_lag_goal1_final.pth"
}