{
  "timestamp": "20260517_032923",
  "scene": "Goal1 - 中等难度：增加紫色危险区和少量蓝色障碍物",
  "env_id": "SafetyCarGoal1-v0",
  "config": {
    "hidden_dim": 512,
    "lr_actor": 1e-05,
    "lr_critic": 5e-05,
    "lr_cost_critic": 5e-05,
    "lr_lambda": 5e-05,
    "lambda_init": 0.028,
    "lambda_max": 5.0,
    "entropy_coef": 0.02,
    "gamma": 0.995,
    "lam": 0.95,
    "clip_eps": 0.2,
    "target_kl": 0.02,
    "cost_limit": 0.0
  },
  "segment_analysis": {
    "initial_20%": {
      "reward": 29.404827441119203,
      "cost": 59.803333333333335
    },
    "early_20-40%": {
      "reward": 29.068584501898318,
      "cost": 61.67333333333333
    },
    "mid_40-60%": {
      "reward": 29.620563729903637,
      "cost": 60.166666666666664
    },
    "late_60-80%": {
      "reward": 29.87954043111223,
      "cost": 58.11333333333334
    },
    "final_20%": {
      "reward": 30.0171690604744,
      "cost": 61.43666666666667
    }
  },
  "final_statistics": {
    "total_episodes": 1500,
    "total_steps": 1500000,
    "total_time_seconds": 10896.3,
    "total_time_minutes": 181.6,
    "ppo_updates": 7320,
    "final_avg_reward_last50": 30.246833347206508,
    "final_avg_cost_last50": 64.02,
    "best_episode_reward": 37.88693493749194,
    "best_episode_cost": 0.0,
    "final_lambda": 0.050023674964904785,
    "lambda_trajectory": [
      0.04967288672924042,
      0.04967576637864113,
      0.049678459763526917,
      0.04968098923563957,
      0.04968336969614029,
      0.04968561604619026,
      0.049687743186950684,
      0.04968976229429245,
      0.049691684544086456,
      0.0496935173869133,
      0.04969559982419014,
      0.04969790577888489,
      0.04970041289925575,
      0.049703098833560944,
      0.04970594868063927,
      0.04970894753932953,
      0.04971207678318024,
      0.049715325236320496,
      0.04971867799758911,
      0.04972212761640549,
      0.04972604289650917,
      0.04973037540912628,
      0.049735087901353836,
      0.04974013939499855,
      0.04974549263715744,
      0.049751121550798416,
      0.04975699633359909,
      0.04976309463381767,
      0.04976939409971237,
      0.0497758723795414,
      0.04978194087743759,
      0.04978763684630394,
      0.049793001264333725,
      0.049798063933849335,
      0.049802858382463455,
      0.049807410687208176,
      0.04981174319982529,
      0.04981587827205658,
      0.049819834530353546,
      0.04982363432645798,
      0.04982740059494972,
      0.04983113333582878,
      0.04983483999967575,
      0.04983852431178093,
      0.04984218627214432,
      0.049845825880765915,
      0.04984944686293602,
      0.04985305294394493,
      0.04985664412379265,
      0.04986022412776947,
      0.04986369237303734,
      0.049867063760757446,
      0.04987034574151039,
      0.04987354949116707,
      0.049876682460308075,
      0.04987974837422371,
      0.049882758408784866,
      0.049885716289281845,
      0.049888625741004944,
      0.04989149421453476,
      0.04989447817206383,
      0.04989756643772125,
      0.04990074783563614,
      0.04990401118993759,
      0.04990735277533531,
      0.049910761415958405,
      0.04991422966122627,
      0.04991775378584862,
      0.04992133006453514,
      0.049924951046705246,
      0.049928613007068634,
      0.049932315945625305,
      0.04993605241179466,
      0.04993981868028641,
      0.04994361475110054,
      0.04994743689894676,
      0.049951281398534775,
      0.04995514452457428,
      0.04995902627706528,
      0.04996292665600777,
      0.0499667264521122,
      0.049970436841249466,
      0.04997406527400017,
      0.0499776192009449,
      0.04998110979795456,
      0.04998454079031944,
      0.04998791962862015,
      0.04999125003814697,
      0.049994535744190216,
      0.049997784197330475,
      0.0500008724629879,
      0.05000381916761398,
      0.05000663548707962,
      0.050009336322546005,
      0.05001193284988403,
      0.0500144362449646,
      0.0500168539583683,
      0.050019193440675735,
      0.0500214658677578,
      0.050023674964904785
    ]
  },
  "evaluation": "中：智能体在学习但尚未稳定，需要更多训练或参数调优",
  "model_path": "D:\\AAACourse\\Assignment\\3\\RL\\safe\\design\\models\\ppo_lag_goal1_final.pth"
}