{
  "timestamp": "20260517_164545",
  "scene": "Goal1 - 中等难度：增加紫色危险区和少量蓝色障碍物",
  "env_id": "SafetyCarGoal1-v0",
  "config": {
    "hidden_dim": 512,
    "lr_actor": 5e-06,
    "lr_critic": 5e-05,
    "lr_cost_critic": 5e-05,
    "lr_lambda": 0.01,
    "lambda_init": 0.11,
    "lambda_max": 5.0,
    "entropy_coef": 0.02,
    "gamma": 0.995,
    "lam": 0.95,
    "clip_eps": 0.2,
    "target_kl": 0.02,
    "cost_limit": 0.0
  },
  "segment_analysis": {
    "initial_20%": {
      "reward": 30.821766989354387,
      "cost": 69.155
    },
    "early_20-40%": {
      "reward": 30.01620367170454,
      "cost": 57.155
    },
    "mid_40-60%": {
      "reward": 30.251653299690414,
      "cost": 67.485
    },
    "late_60-80%": {
      "reward": 29.381695873717533,
      "cost": 57.295
    },
    "final_20%": {
      "reward": 26.544831121756864,
      "cost": 53.805
    }
  },
  "final_statistics": {
    "total_episodes": 1000,
    "total_steps": 1000000,
    "total_time_seconds": 7841.9,
    "total_time_minutes": 130.7,
    "ppo_updates": 4880,
    "final_avg_reward_last50": 26.47353470500736,
    "final_avg_cost_last50": 47.62,
    "best_episode_reward": 38.983289485886814,
    "best_episode_cost": 0.0,
    "final_lambda": 3.0132789611816406,
    "lambda_trajectory": [
      2.977823495864868,
      2.9781923294067383,
      2.978593587875366,
      2.9790239334106445,
      2.979480504989624,
      2.9799606800079346,
      2.980462074279785,
      2.980982542037964,
      2.981520414352417,
      2.9820737838745117,
      2.9826157093048096,
      2.983147382736206,
      2.9836697578430176,
      2.9841837882995605,
      2.9846901893615723,
      2.985189914703369,
      2.9856834411621094,
      2.9861714839935303,
      2.986654758453369,
      2.987133502960205,
      2.9876043796539307,
      2.988068103790283,
      2.988525390625,
      2.9889769554138184,
      2.9894232749938965,
      2.9898650646209717,
      2.990302562713623,
      2.990736246109009,
      2.991166591644287,
      2.991593837738037,
      2.992015838623047,
      2.9924333095550537,
      2.9928464889526367,
      2.993255853652954,
      2.993661880493164,
      2.9940648078918457,
      2.994464874267578,
      2.9948625564575195,
      2.995258092880249,
      2.9956514835357666,
      2.9960241317749023,
      2.996377944946289,
      2.9967148303985596,
      2.9970364570617676,
      2.997344493865967,
      2.9976401329040527,
      2.9979248046875,
      2.998199462890625,
      2.998465061187744,
      2.998722553253174,
      2.9989938735961914,
      2.9992775917053223,
      2.999572277069092,
      2.9998769760131836,
      3.0001907348632812,
      3.0005125999450684,
      3.0008418560028076,
      3.0011775493621826,
      3.001519203186035,
      3.001866102218628,
      3.0022084712982178,
      3.002546787261963,
      3.0028815269470215,
      3.0032129287719727,
      3.0035414695739746,
      3.0038673877716064,
      3.0041909217834473,
      3.004512310028076,
      3.0048317909240723,
      3.0051493644714355,
      3.005462884902954,
      3.005772829055786,
      3.00607967376709,
      3.0063834190368652,
      3.0066845417022705,
      3.0069832801818848,
      3.007280111312866,
      3.0075747966766357,
      3.0078678131103516,
      3.0081593990325928,
      3.008441686630249,
      3.0087156295776367,
      3.0089821815490723,
      3.009242057800293,
      3.009495735168457,
      3.009744167327881,
      3.0099875926971436,
      3.0102267265319824,
      3.0104618072509766,
      3.010693311691284,
      3.0109312534332275,
      3.0111751556396484,
      3.0114243030548096,
      3.0116782188415527,
      3.011936664581299,
      3.0121989250183105,
      3.0124645233154297,
      3.012733221054077,
      3.013004779815674,
      3.0132789611816406
    ]
  },
  "evaluation": "中：智能体在学习但尚未稳定，需要更多训练或参数调优",
  "model_path": "D:\\AAACourse\\Assignment\\3\\RL\\safe\\design\\models\\ppo_lag_goal1_phase4_final.pth"
}